{
  "project_info": {
    "project_number": "125963399804",
    "firebase_url": "https://project1-e51fa.firebaseio.com",
    "project_id": "project1-e51fa",
    "storage_bucket": "project1-e51fa.appspot.com"
  },
  "client": [
    {
      "client_info": {
        "mobilesdk_app_id": "1:125963399804:android:9921b9732222aa807bcff9",
        "android_client_info": {
          "package_name": "com.cijimpi.demoapp"
        }
      },
      "oauth_client": [
        {
          "client_id": "125963399804-ekqr64jb9288mh52sjajskdukdu0khm2.apps.googleusercontent.com",
          "client_type": 3
        }
      ],
      "api_key": [
        {
          "current_key": "AIzaSyCYvVO4AjLKSB2CedfghpLXIjazC_hwRnY"
        }
      ],
      "services": {
        "appinvite_service": {
          "other_platform_oauth_client": [
            {
              "client_id": "125963399804-ekqr64jb9288mh52sjajskdukdu0khm2.apps.googleusercontent.com",
              "client_type": 3
            }
          ]
        }
      }
    }
  ],
  "configuration_version": "1"
}